,business_status,geometry,icon,icon_background_color,icon_mask_base_uri,name,opening_hours,photos,place_id,plus_code,rating,reference,scope,types,user_ratings_total,vicinity,url
0,OPERATIONAL,"{'location': {'lat': 41.3791597, 'lng': 2.1427323}, 'viewport': {'northeast': {'lat': 41.38040142989271, 'lng': 2.143971929892722}, 'southwest': {'lat': 41.37770177010727, 'lng': 2.141272270107278}}}",https://maps.gstatic.com/mapfiles/place_api/icons/v1/png_71/lodging-71.png,#909CE1,https://maps.gstatic.com/mapfiles/place_api/icons/v2/hotel_pinlet,Expo Hotel Barcelona,{'open_now': True},"[{'height': 4499, 'html_attributions': ['<a href=""https://maps.google.com/maps/contrib/111045610703778521335"">A Google User</a>'], 'photo_reference': 'ATJ83zgg7LngWEEsg70U_7wmJWeLM_PjMkw_Bq_SbWlGF4j7qIeLfmRhbzCQ67WIhve80MpCBtIx1Ea6tEMflYT8VcyaZ8Lwikz67eGKnl9Anmyzqd2X3Kdov-6fWn2-m2VNubLerFBwsf0G_1xTH16B6UmpuR-lCQIXb1kJoRDF7kMd0zHb', 'width': 6000}]",ChIJUeU-UYCYpBIRxVwYn3XaGYQ,"{'compound_code': '94HV+M3 Barcelona, Spain', 'global_code': '8FH494HV+M3'}",3.6,ChIJUeU-UYCYpBIRxVwYn3XaGYQ,GOOGLE,"['lodging', 'point_of_interest', 'establishment']",3738,"C/ de Mallorca, 1, 23, Barcelona",https://www.google.com/maps/place/?q=place_id:ChIJUeU-UYCYpBIRxVwYn3XaGYQ
1,OPERATIONAL,"{'location': {'lat': 41.3755739, 'lng': 2.1897613}, 'viewport': {'northeast': {'lat': 41.37695437989272, 'lng': 2.191099529892722}, 'southwest': {'lat': 41.37425472010728, 'lng': 2.188399870107277}}}",https://maps.gstatic.com/mapfiles/place_api/icons/v1/png_71/lodging-71.png,#909CE1,https://maps.gstatic.com/mapfiles/place_api/icons/v2/hotel_pinlet,Sea Hostel Barcelona,{'open_now': True},"[{'height': 5304, 'html_attributions': ['<a href=""https://maps.google.com/maps/contrib/113492186145608703232"">A Google User</a>'], 'photo_reference': 'ATJ83zha0PhYCwklQZ7nQmbcKEHAoqlunYTbIDVVn_T2BntOi5deFvokoPrssXJnQ6kvQS12EbkoonzKTxkmcxg6l5NGAWqKGv8Ob71-qubzMZWaWBDxPj2GuTXWyYRDlDE8xamdj06X0qV0qNREMBxn2KeBavJMnpWkdaBsgeo3B6IpibO8', 'width': 7952}]",ChIJLxkVra6jpBIRwzXlMWvllEY,"{'compound_code': '95GQ+6W Barcelona, Spain', 'global_code': '8FH495GQ+6W'}",3.4,ChIJLxkVra6jpBIRwzXlMWvllEY,GOOGLE,"['lodging', 'point_of_interest', 'establishment']",698,"Plaça del Mar, 1, Barcelona",https://www.google.com/maps/place/?q=place_id:ChIJLxkVra6jpBIRwzXlMWvllEY
2,OPERATIONAL,"{'location': {'lat': 41.3722311, 'lng': 2.1573453}, 'viewport': {'northeast': {'lat': 41.37359982989272, 'lng': 2.158698279892723}, 'southwest': {'lat': 41.37090017010727, 'lng': 2.155998620107278}}}",https://maps.gstatic.com/mapfiles/place_api/icons/v1/png_71/lodging-71.png,#909CE1,https://maps.gstatic.com/mapfiles/place_api/icons/v2/hotel_pinlet,La França Travellers,{'open_now': True},"[{'height': 1001, 'html_attributions': ['<a href=""https://maps.google.com/maps/contrib/117106202537785663028"">A Google User</a>'], 'photo_reference': 'ATJ83ziilxOwki0fJwOpgGrLbUx1GYw4Ba8ArCDdQl7HDb_bGNjkVGXS8NaGaGFaAxrq9nFeGy_TuC5nC8NE9wljkPyK-MfMk5qYlHo_yauXVSo1xCRgh-TZXp2gFuYK3FVG-p2OnCqqyTBEQ1VRtFWcD-5_rGGJoU5a36jIYK6jtJgkqYqv', 'width': 1500}]",ChIJ9RRMOVWjpBIRUSTi2e2yXTI,"{'compound_code': '95C4+WW Barcelona, Spain', 'global_code': '8FH495C4+WW'}",3.9,ChIJ9RRMOVWjpBIRUSTi2e2yXTI,GOOGLE,"['lodging', 'point_of_interest', 'establishment']",359,"Carrer de la França Xica, 38, Barcelona",https://www.google.com/maps/place/?q=place_id:ChIJ9RRMOVWjpBIRUSTi2e2yXTI
3,OPERATIONAL,"{'location': {'lat': 41.4047659, 'lng': 2.1727455}, 'viewport': {'northeast': {'lat': 41.40616372989272, 'lng': 2.174039229892722}, 'southwest': {'lat': 41.40346407010728, 'lng': 2.171339570107278}}}",https://maps.gstatic.com/mapfiles/place_api/icons/v1/png_71/lodging-71.png,#909CE1,https://maps.gstatic.com/mapfiles/place_api/icons/v2/hotel_pinlet,Sercotel Rosellón,,"[{'height': 933, 'html_attributions': ['<a href=""https://maps.google.com/maps/contrib/103251541551909046054"">Ayre Hotel Rosellon</a>'], 'photo_reference': 'ATJ83zhOotKC7l5yMXaOwd4JYtA-blREuaENt6F7CgS_xB5UEJNekNXMa0NQB2qDOTktabSkRrsT9HLL3aQd-t1CIp_zFYIY39tvAzHoD3smwBeiPd-R73Lb_22Me85ZL525_bK0kWFQon8O2BRPUGzSxI5635unlB5OEFxriR1V0y6hH8pW', 'width': 1500}]",ChIJVzL4bcOipBIRB49ht_3502Y,"{'compound_code': 'C53F+W3 Barcelona, Spain', 'global_code': '8FH4C53F+W3'}",4.2,ChIJVzL4bcOipBIRB49ht_3502Y,GOOGLE,"['lodging', 'point_of_interest', 'establishment']",2484,"C/ del Rosselló, 390, Barcelona",https://www.google.com/maps/place/?q=place_id:ChIJVzL4bcOipBIRB49ht_3502Y
4,OPERATIONAL,"{'location': {'lat': 41.391046, 'lng': 2.1963374}, 'viewport': {'northeast': {'lat': 41.39238032989272, 'lng': 2.197683579892722}, 'southwest': {'lat': 41.38968067010727, 'lng': 2.194983920107278}}}",https://maps.gstatic.com/mapfiles/place_api/icons/v1/png_71/lodging-71.png,#909CE1,https://maps.gstatic.com/mapfiles/place_api/icons/v2/hotel_pinlet,Unite Hostel Barcelona,{'open_now': True},"[{'height': 3762, 'html_attributions': ['<a href=""https://maps.google.com/maps/contrib/107739289798623736988"">A Google User</a>'], 'photo_reference': 'ATJ83ziW1ygmVnir39H_q4l5YIkJ_EGykHAKMemtuJNPEHqANDHYfyc7-i04H3-vxcgy3aM5WI6Gu8vRjKNwZI4wN9IU0SZt2_hGz2wL0O2JzIxhGOrOVNWbb5tYxlk1Crbs-3q24v2KCgDE6yDD1mcV_QwsESqezSBMSS1pnLMUeDpIkFQ', 'width': 5642}]",ChIJR2djMhCjpBIRQrvNKa3rrPo,"{'compound_code': '95RW+CG Barcelona, Spain', 'global_code': '8FH495RW+CG'}",4.1,ChIJR2djMhCjpBIRQrvNKa3rrPo,GOOGLE,"['lodging', 'point_of_interest', 'establishment']",997,"Av. d'Icària, 145, BJ, Barcelona",https://www.google.com/maps/place/?q=place_id:ChIJR2djMhCjpBIRQrvNKa3rrPo
5,OPERATIONAL,"{'location': {'lat': 41.4021444, 'lng': 2.191099}, 'viewport': {'northeast': {'lat': 41.40342997989273, 'lng': 2.192311029892722}, 'southwest': {'lat': 41.40073032010728, 'lng': 2.189611370107277}}}",https://maps.gstatic.com/mapfiles/place_api/icons/v1/png_71/lodging-71.png,#909CE1,https://maps.gstatic.com/mapfiles/place_api/icons/v2/hotel_pinlet,Hotel SB Glow,{'open_now': True},"[{'height': 2667, 'html_attributions': ['<a href=""https://maps.google.com/maps/contrib/107071323455223990283"">Hotel SB Glow</a>'], 'photo_reference': 'ATJ83zhzIBauGdh5VtI84wWKJyOvlsIOvL1NX5ttv4OS7thpn2O1O1OWx9vTc5Jk-yivwa8uRzSorwccodOZ4Wu42ytot2LZDmN0gnAUsALuOV1LX-r0okQBs2Wn3CeYcM960dDQF2WRn1D98Kpz4fnMpsI3Fo1Fqx8yjR8vDnmM-kG1FvsN', 'width': 4000}]",ChIJL_NqXCKjpBIR7kcs1hMznYI,"{'compound_code': 'C52R+VC Barcelona, Spain', 'global_code': '8FH4C52R+VC'}",4.2,ChIJL_NqXCKjpBIR7kcs1hMznYI,GOOGLE,"['lodging', 'point_of_interest', 'establishment']",1994,"C/ de Badajoz, 148, 154, Barcelona",https://www.google.com/maps/place/?q=place_id:ChIJL_NqXCKjpBIR7kcs1hMznYI
6,OPERATIONAL,"{'location': {'lat': 41.4, 'lng': 2.2011111}, 'viewport': {'northeast': {'lat': 41.40127392989272, 'lng': 2.202290929892722}, 'southwest': {'lat': 41.39857427010728, 'lng': 2.199591270107278}}}",https://maps.gstatic.com/mapfiles/place_api/icons/v1/png_71/lodging-71.png,#909CE1,https://maps.gstatic.com/mapfiles/place_api/icons/v2/hotel_pinlet,Travelodge Barcelona Poblenou,{'open_now': True},"[{'height': 2992, 'html_attributions': ['<a href=""https://maps.google.com/maps/contrib/104149826243213804962"">Jordi Josep Porta</a>'], 'photo_reference': 'ATJ83zhokbtytylvjVxCKAD6C_g1WtABLDr78QVLdSTXbu1cHV6N7OwCLzvX7x8O2tVQzhvxuC1_6XM5lmbztkRDvsThp59W8Hqg41OKzOA7eTsf9ZHtfk_rYwzwAIEromKgfS6gGXRY4tfC9WmyDGU6wqCnzqrwUnYt8UVtjvZE6A9pHLjn', 'width': 4000}]",ChIJ-1xGPxajpBIR95qJ11T2bQE,"{'compound_code': 'C622+2C Barcelona, Spain', 'global_code': '8FH4C622+2C'}",3.8,ChIJ-1xGPxajpBIR95qJ11T2bQE,GOOGLE,"['lodging', 'point_of_interest', 'establishment']",3578,"Carrer de Llull, 170, Barcelona",https://www.google.com/maps/place/?q=place_id:ChIJ-1xGPxajpBIR95qJ11T2bQE
7,OPERATIONAL,"{'location': {'lat': 41.3991586, 'lng': 2.1626241}, 'viewport': {'northeast': {'lat': 41.40049392989272, 'lng': 2.163994729892722}, 'southwest': {'lat': 41.39779427010728, 'lng': 2.161295070107278}}}",https://maps.gstatic.com/mapfiles/place_api/icons/v1/png_71/lodging-71.png,#909CE1,https://maps.gstatic.com/mapfiles/place_api/icons/v2/hotel_pinlet,Generator Barcelona,{'open_now': True},"[{'height': 3843, 'html_attributions': ['<a href=""https://maps.google.com/maps/contrib/111252666721680892664"">Generator Hostel Barcelona</a>'], 'photo_reference': 'ATJ83zjGOTH7hnAkNvGB88Ru92mChxi60eEpOY0H_n65pGS-c9St6QZFh9AnfLN2KydUWMttdIRlaAz83wMqH5F_tZb3bIPSg31qt57MPVzLeDFz6wc_jifW2wwkw-ekfisgbJz_NmE9Ll2EKkweDbXX0lN8GaIBynn3EQqQvv6l2fONP_MC', 'width': 9648}]",ChIJq3-mD5WipBIRQxCr-6SSacI,"{'compound_code': '95X7+M2 Barcelona, Spain', 'global_code': '8FH495X7+M2'}",4.1,ChIJq3-mD5WipBIRQxCr-6SSacI,GOOGLE,"['cafe', 'lodging', 'bar', 'food', 'point_of_interest', 'establishment']",3255,"C/ de Còrsega, 373, Barcelona",https://www.google.com/maps/place/?q=place_id:ChIJq3-mD5WipBIRQxCr-6SSacI
8,OPERATIONAL,"{'location': {'lat': 41.3785031, 'lng': 2.1780157}, 'viewport': {'northeast': {'lat': 41.37986912989272, 'lng': 2.179385129892723}, 'southwest': {'lat': 41.37716947010728, 'lng': 2.176685470107278}}}",https://maps.gstatic.com/mapfiles/place_api/icons/v1/png_71/lodging-71.png,#909CE1,https://maps.gstatic.com/mapfiles/place_api/icons/v2/hotel_pinlet,Canton Hotel Barcelona,{'open_now': True},"[{'height': 4553, 'html_attributions': ['<a href=""https://maps.google.com/maps/contrib/118446206404717960203"">A Google User</a>'], 'photo_reference': 'ATJ83zjPTY38yFA9PB_FI_V5XOgb_6l8jJsMpe5mcGICu9DsXuIxCFYj7pVMRe9rRaCEVRvran9-TfiZ_yvee11qUHdfjtAK96Mlm5LwZeQ7WL0I-u3X3iH8G30oqmffwPS80Km_mb4WqPntCPFw3EKEQtmHv99DTswqGth3yL29lvnap3Ky', 'width': 8133}]",ChIJbwpWYlaipBIRwdaods3stLM,"{'compound_code': '95HH+95 Barcelona, Spain', 'global_code': '8FH495HH+95'}",4.1,ChIJbwpWYlaipBIRwdaods3stLM,GOOGLE,"['lodging', 'point_of_interest', 'establishment']",631,"Carrer Nou de Sant Francesc, 40, Barcelona",https://www.google.com/maps/place/?q=place_id:ChIJbwpWYlaipBIRwdaods3stLM
9,OPERATIONAL,"{'location': {'lat': 41.3960521, 'lng': 2.1793659}, 'viewport': {'northeast': {'lat': 41.39735242989273, 'lng': 2.180782079892722}, 'southwest': {'lat': 41.39465277010729, 'lng': 2.178082420107277}}}",https://maps.gstatic.com/mapfiles/place_api/icons/v1/png_71/lodging-71.png,#909CE1,https://maps.gstatic.com/mapfiles/place_api/icons/v2/hotel_pinlet,Sercotel Caspe,{'open_now': True},"[{'height': 843, 'html_attributions': ['<a href=""https://maps.google.com/maps/contrib/107613034972765747534"">Ayre Hotel Caspe</a>'], 'photo_reference': 'ATJ83zjlSw6-ok53om1OEi9ZebpkQCu419Ke8nP-BcFXF3uuBrI4qtCNVIdYn3fPgAjjyMNWrB8JXoo4s0dL7lCPfa0ACuPMRPytRwo8cqXrGfNKYNaPfcO3eBQphuETQt86fEKuwyqDSTFocfu0TlOuq9ljkbpskLE83n86fgj6lXSNrbEj', 'width': 1500}]",ChIJcaRsq-aipBIR6nvjYdp2754,"{'compound_code': '95WH+CP Barcelona, Spain', 'global_code': '8FH495WH+CP'}",4.2,ChIJcaRsq-aipBIR6nvjYdp2754,GOOGLE,"['lodging', 'point_of_interest', 'establishment']",2010,"C/ de Casp, 103, Barcelona",https://www.google.com/maps/place/?q=place_id:ChIJcaRsq-aipBIR6nvjYdp2754
10,OPERATIONAL,"{'location': {'lat': 41.4140257, 'lng': 2.1775656}, 'viewport': {'northeast': {'lat': 41.41534132989272, 'lng': 2.178864579892722}, 'southwest': {'lat': 41.41264167010727, 'lng': 2.176164920107277}}}",https://maps.gstatic.com/mapfiles/place_api/icons/v1/png_71/lodging-71.png,#909CE1,https://maps.gstatic.com/mapfiles/place_api/icons/v2/hotel_pinlet,Hotel Amrey Sant Pau,,"[{'height': 960, 'html_attributions': ['<a href=""https://maps.google.com/maps/contrib/111250182848749054958"">A Google User</a>'], 'photo_reference': 'ATJ83zjsZDqAOFixuUotpKeLcClYhXpBZPr_8UaiAlQSi9k85rEyeFZ-7i5hVvv_-gPKgnC_ep7Z-z9FsyamxbiyjReLDLyITkQ0bGnRRy3Di5fDhieNbyD6QoHx20JHRzq9brydfmy7eyYrEGyYwJipXznuWW1ZGNhf1hiGEOqvet6BfMba', 'width': 1280}]",ChIJefpiENGipBIRFg0oMWnkZaY,"{'compound_code': 'C57H+J2 Barcelona, Spain', 'global_code': '8FH4C57H+J2'}",4.1,ChIJefpiENGipBIRFg0oMWnkZaY,GOOGLE,"['lodging', 'point_of_interest', 'establishment']",1524,"C/ de St. Antoni Maria Claret, 173, Barcelona",https://www.google.com/maps/place/?q=place_id:ChIJefpiENGipBIRFg0oMWnkZaY
11,OPERATIONAL,"{'location': {'lat': 41.3724664, 'lng': 2.1461715}, 'viewport': {'northeast': {'lat': 41.37383602989271, 'lng': 2.147461079892722}, 'southwest': {'lat': 41.37113637010727, 'lng': 2.144761420107277}}}",https://maps.gstatic.com/mapfiles/place_api/icons/v1/png_71/lodging-71.png,#909CE1,https://maps.gstatic.com/mapfiles/place_api/icons/v2/hotel_pinlet,Hotel Brick Barcelona,{'open_now': True},"[{'height': 3543, 'html_attributions': ['<a href=""https://maps.google.com/maps/contrib/106116444776080847277"">A Google User</a>'], 'photo_reference': 'ATJ83zg-7rVL19fVo3tQfTjOrZNf4IWBmn3ZkVbm-yh4uVO5mmKOkfnQonRkoiK2nbfPmSQZzAMj5rS-5W5Nsg0d2BA81cTKCDsq1845ytQ8aXsX_e7VutdUPrNIyvjrptmngQjPUpfDkac58IqJUMZJsGDhL7Apscm9n_Ur9aUgZHo1ej33', 'width': 5315}]",ChIJD__DPyOjpBIRjcqUcy22S2U,"{'compound_code': '94CW+XF Barcelona, Spain', 'global_code': '8FH494CW+XF'}",4.6,ChIJD__DPyOjpBIRjcqUcy22S2U,GOOGLE,"['lodging', 'point_of_interest', 'establishment']",286,"C, Gran Via de les Corts Catalanes, 304, Barcelona",https://www.google.com/maps/place/?q=place_id:ChIJD__DPyOjpBIRjcqUcy22S2U
12,OPERATIONAL,"{'location': {'lat': 41.3904406, 'lng': 2.1262385}, 'viewport': {'northeast': {'lat': 41.39176327989272, 'lng': 2.127486029892722}, 'southwest': {'lat': 41.38906362010727, 'lng': 2.124786370107278}}}",https://maps.gstatic.com/mapfiles/place_api/icons/v1/png_71/lodging-71.png,#909CE1,https://maps.gstatic.com/mapfiles/place_api/icons/v2/hotel_pinlet,Arenas Atiram Hotel Barcelona,{'open_now': True},"[{'height': 680, 'html_attributions': ['<a href=""https://maps.google.com/maps/contrib/104458271842900960264"">A Google User</a>'], 'photo_reference': 'ATJ83zhS-CLb719iB-IsdWQAo-7YRfiv03sDz55WpibGcUhUt_kwkqP_IH1JzAF4yoA39yWFcWZVGEPFxhgPTmj5ocNSdoojxjRnBHoMWlb4BJtyUOSX_xu2VEdEllySgKRUwROZXGe-wl1qeUyr-3Pq2CrIMCYlyFuQIiBM6AXEI23CLyJH', 'width': 1020}]",ChIJ_UyV7GeYpBIRRKMBiGhT8co,"{'compound_code': '94RG+5F Barcelona, Spain', 'global_code': '8FH494RG+5F'}",3.9,ChIJ_UyV7GeYpBIRRKMBiGhT8co,GOOGLE,"['lodging', 'point_of_interest', 'establishment']",776,"Carrer del Capità Arenas, 20, Barcelona",https://www.google.com/maps/place/?q=place_id:ChIJ_UyV7GeYpBIRRKMBiGhT8co
13,OPERATIONAL,"{'location': {'lat': 41.3861121, 'lng': 2.1676825}, 'viewport': {'northeast': {'lat': 41.38740057989273, 'lng': 2.169036229892722}, 'southwest': {'lat': 41.38470092010728, 'lng': 2.166336570107278}}}",https://maps.gstatic.com/mapfiles/place_api/icons/v1/png_71/lodging-71.png,#909CE1,https://maps.gstatic.com/mapfiles/place_api/icons/v2/hotel_pinlet,St Christopher's Inn | Hostel in Barcelona,{'open_now': True},"[{'height': 1240, 'html_attributions': ['<a href=""https://maps.google.com/maps/contrib/110636049551734427365"">St Christopher&#39;s Barcelona</a>'], 'photo_reference': 'ATJ83ziZXcUUdJJabqXZlSqqQW6_21GgezCsQnriSg1gLJ0ToMj-qFuSuNZaoTKmnX27pqCpiqW9dkyzYCZ2u266Z0bcj-fdjZNzK6YZ7BFNHZiiBflqzSGaPBIGBMGofD7coTuo7pXy2YMhVRRykJskJE0azoFI3KUWyn0-z5tKdzxxdP2t', 'width': 2000}]",ChIJ2xqph_OipBIRs3td1AO8cck,"{'compound_code': '95P9+C3 Barcelona, Spain', 'global_code': '8FH495P9+C3'}",4.2,ChIJ2xqph_OipBIRs3td1AO8cck,GOOGLE,"['lodging', 'point_of_interest', 'establishment']",3281,"C/ de Bergara, 3, Barcelona",https://www.google.com/maps/place/?q=place_id:ChIJ2xqph_OipBIRs3td1AO8cck
14,OPERATIONAL,"{'location': {'lat': 41.3909349, 'lng': 2.1657874}, 'viewport': {'northeast': {'lat': 41.39236292989272, 'lng': 2.167092579892723}, 'southwest': {'lat': 41.38966327010728, 'lng': 2.164392920107278}}}",https://maps.gstatic.com/mapfiles/place_api/icons/v1/png_71/lodging-71.png,#909CE1,https://maps.gstatic.com/mapfiles/place_api/icons/v2/hotel_pinlet,Safestay Barcelona Passeig de Gràcia,,"[{'height': 2907, 'html_attributions': ['<a href=""https://maps.google.com/maps/contrib/101091634834900380896"">A Google User</a>'], 'photo_reference': 'ATJ83zgEQDmPXy4H7EScCu7DtD5DpsA12QTVmcFLLHLeu-K4jgdkcKYoUwh0WnCyiJ3BXqjU0g6fOrX_0520wjLdKZT-IibeaEZV4xmH3IR--lYvU8DC1V0YBR2H6odkBvBcLxJEq5TbUlCCBaxm3zNnqKDrJHE3r0s8hCSgfHL9EthbGihC', 'width': 4360}]",ChIJC1OfYO2ipBIR5o81knTQmgo,"{'compound_code': '95R8+98 Barcelona, Spain', 'global_code': '8FH495R8+98'}",3.7,ChIJC1OfYO2ipBIR5o81knTQmgo,GOOGLE,"['lodging', 'point_of_interest', 'establishment']",1836,"Pg. de Gràcia, 33, Barcelona",https://www.google.com/maps/place/?q=place_id:ChIJC1OfYO2ipBIR5o81knTQmgo
15,OPERATIONAL,"{'location': {'lat': 41.3864673, 'lng': 2.1655674}, 'viewport': {'northeast': {'lat': 41.38774527989272, 'lng': 2.166959729892723}, 'southwest': {'lat': 41.38504562010728, 'lng': 2.164260070107278}}}",https://maps.gstatic.com/mapfiles/place_api/icons/v1/png_71/lodging-71.png,#909CE1,https://maps.gstatic.com/mapfiles/place_api/icons/v2/hotel_pinlet,DestinationBCN Apartments & Rooms,,"[{'height': 4480, 'html_attributions': ['<a href=""https://maps.google.com/maps/contrib/112073297448289258908"">A Google User</a>'], 'photo_reference': 'ATJ83ziVK-hWrueUVtModKrhuCdHQUE7ht8Tu4_oiAQfEnh_C_Y0UzwzxJwiJR2dPCmJChfZtOGrwoju6EynstMpG6TU-zhgVIVMceXRYK9Fig0qYwDr0hfdrJfuoy6QoS-0daHWckh9ipGe7ZBqINwoPcE3ZzN8vEEY3hyZWqZ5ymIFXzB_', 'width': 6720}]",ChIJ-YlvXfOipBIRHUEVCqTvrWI,"{'compound_code': '95P8+H6 Barcelona, Spain', 'global_code': '8FH495P8+H6'}",4.8,ChIJ-YlvXfOipBIRHUEVCqTvrWI,GOOGLE,"['real_estate_agency', 'lodging', 'point_of_interest', 'establishment']",68,"Ronda de la Univ., 11, Barcelona",https://www.google.com/maps/place/?q=place_id:ChIJ-YlvXfOipBIRHUEVCqTvrWI
16,OPERATIONAL,"{'location': {'lat': 41.4049366, 'lng': 2.1286651}, 'viewport': {'northeast': {'lat': 41.40623747989272, 'lng': 2.130145429892722}, 'southwest': {'lat': 41.40353782010728, 'lng': 2.127445770107277}}}",https://maps.gstatic.com/mapfiles/place_api/icons/v1/png_71/lodging-71.png,#909CE1,https://maps.gstatic.com/mapfiles/place_api/icons/v2/hotel_pinlet,Vilana Hotel,{'open_now': True},"[{'height': 4032, 'html_attributions': ['<a href=""https://maps.google.com/maps/contrib/118416291360832529924"">A Google User</a>'], 'photo_reference': 'ATJ83zhuHLyQkgCYPpveCbiI0libFPujuLMINhka6Xze2OPSvqVAxgFE0cq0fUworTYKVFlOMhZphFiOPt0SG5Ltsnz004nWohN33OkV4yHBCngCZ9SQ-cqAcxaI1JdR8zEtYCH8dTI8WSfvdPQz9RX-X5e9rK5WFlxhb14C80Oiqmo4guLg', 'width': 3024}]",ChIJ_fEWQxSYpBIRavx8VIAJNBU,"{'compound_code': 'C43H+XF Barcelona, Spain', 'global_code': '8FH4C43H+XF'}",4.0,ChIJ_fEWQxSYpBIRavx8VIAJNBU,GOOGLE,"['lodging', 'point_of_interest', 'establishment']",464,"Carrer de Vilana, 7, 5, Barcelona",https://www.google.com/maps/place/?q=place_id:ChIJ_fEWQxSYpBIRavx8VIAJNBU
17,OPERATIONAL,"{'location': {'lat': 41.4010407, 'lng': 2.1942927}, 'viewport': {'northeast': {'lat': 41.40245112989272, 'lng': 2.195684729892722}, 'southwest': {'lat': 41.39975147010728, 'lng': 2.192985070107278}}}",https://maps.gstatic.com/mapfiles/place_api/icons/v1/png_71/lodging-71.png,#909CE1,https://maps.gstatic.com/mapfiles/place_api/icons/v2/hotel_pinlet,ibis Barcelona Plaza Glòries 22,,"[{'height': 3456, 'html_attributions': ['<a href=""https://maps.google.com/maps/contrib/109843417020709450168"">pere guiu</a>'], 'photo_reference': 'ATJ83zh478e2TnpnAVzXg8PC1c1Yu4Frvjrt9ydNUJ8rMMs-wHHU48inH5cJRREmP9tQD84T1mzteUYL8swtMNjywSg9p02sKR26BpCCBDr8k0X5CHU7ILRncV0eaEM4guaaiwMDQh3Ina8ZcYOb7xDKXfKE3gWDaLbsyuaGj0pBlD-ZBQQl', 'width': 4608}]",ChIJZyzVUT2jpBIRK3o_IesV6rE,"{'compound_code': 'C52V+CP Barcelona, Spain', 'global_code': '8FH4C52V+CP'}",4.2,ChIJZyzVUT2jpBIRK3o_IesV6rE,GOOGLE,"['lodging', 'point_of_interest', 'establishment']",1958,"Hb004372, C/ de la Ciutat de Granada, 99, Barcelona",https://www.google.com/maps/place/?q=place_id:ChIJZyzVUT2jpBIRK3o_IesV6rE
18,OPERATIONAL,"{'location': {'lat': 41.3998855, 'lng': 2.1839747}, 'viewport': {'northeast': {'lat': 41.40122072989272, 'lng': 2.185396229892722}, 'southwest': {'lat': 41.39852107010728, 'lng': 2.182696570107277}}}",https://maps.gstatic.com/mapfiles/place_api/icons/v1/png_71/lodging-71.png,#909CE1,https://maps.gstatic.com/mapfiles/place_api/icons/v2/hotel_pinlet,SM Hotel Teatre Auditori Barcelona,{'open_now': True},"[{'height': 2717, 'html_attributions': ['<a href=""https://maps.google.com/maps/contrib/102910050952243627469"">A Google User</a>'], 'photo_reference': 'ATJ83ziGTAlMlZ7pwx6e952_MmaRn_9RLye5kxFazQh-kinanCiufakvErNelUjmYDfp6yFn9HcHKE7enn-zppC55VEa_gJxZ54Ez-ZFpRZhaTWsf3m1H1vWNaFdPyMEUbqX8Jvmz3Ul4a_65aDeW4n9UdEbgn8E_r5kfYjGOyUTAVL2l2ov', 'width': 4032}]",ChIJn5vHHOCipBIR6WnhqtfePO0,"{'compound_code': '95XM+XH Barcelona, Spain', 'global_code': '8FH495XM+XH'}",4.3,ChIJn5vHHOCipBIR6WnhqtfePO0,GOOGLE,"['lodging', 'point_of_interest', 'establishment']",1146,"C. de Ribes, 71, Barcelona",https://www.google.com/maps/place/?q=place_id:ChIJn5vHHOCipBIR6WnhqtfePO0
19,OPERATIONAL,"{'location': {'lat': 41.3968811, 'lng': 2.1772518}, 'viewport': {'northeast': {'lat': 41.39825592989272, 'lng': 2.178636529892722}, 'southwest': {'lat': 41.39555627010728, 'lng': 2.175936870107277}}}",https://maps.gstatic.com/mapfiles/place_api/icons/v1/png_71/lodging-71.png,#909CE1,https://maps.gstatic.com/mapfiles/place_api/icons/v2/hotel_pinlet,Hola Hostal Eixample,,"[{'height': 1365, 'html_attributions': ['<a href=""https://maps.google.com/maps/contrib/111865728637178250839"">A Google User</a>'], 'photo_reference': 'ATJ83zhFoNmoLE2a6v-qqnQ5Q4ztVFIAE6-yteaaAg2bXo6Lrvg4Sj2h-dyIBJuUWJ77dmjj1mCt7RgUMSJEZh9w1idFv3Thmq8VY9B7nBUmf83zocDvK_RR2vzlzJBD1Mf_d9p_bp7H1mvjA3klNl-aTqbsTF3h_SosuXeM6aBR3FMEk675', 'width': 2048}]",ChIJf06pjOaipBIR7DKZWdTgUzU,"{'compound_code': '95WG+PV Barcelona, Spain', 'global_code': '8FH495WG+PV'}",4.0,ChIJf06pjOaipBIR7DKZWdTgUzU,GOOGLE,"['lodging', 'point_of_interest', 'establishment']",1055,"C/ de Nàpols, 149, Barcelona",https://www.google.com/maps/place/?q=place_id:ChIJf06pjOaipBIR7DKZWdTgUzU
20,OPERATIONAL,"{'location': {'lat': 41.381401, 'lng': 2.126993}, 'viewport': {'northeast': {'lat': 41.38281012989272, 'lng': 2.128259329892722}, 'southwest': {'lat': 41.38011047010727, 'lng': 2.125559670107277}}}",https://maps.gstatic.com/mapfiles/place_api/icons/v1/png_71/lodging-71.png,#909CE1,https://maps.gstatic.com/mapfiles/place_api/icons/v2/hotel_pinlet,Hotel NH Barcelona Stadium,{'open_now': True},"[{'height': 750, 'html_attributions': ['<a href=""https://maps.google.com/maps/contrib/112625469192902874667"">Hotel NH Barcelona Stadium</a>'], 'photo_reference': 'ATJ83zisTVYUZUr0gYFP6TEuZP3WiAw-ya8ts8CxnjxeIVAmAMdO1wGISNVhtpT_aTuRn27d_HyG0rfw3gDvbjvC0Tcp_NjlYEBjh4u3qj54rAkhw-jwj9iCE87P4qeDS-jCFw1hWssKZ3m8Uq_24WlWHyBjpSNjBmm_wjCTq786fW9SHzXC', 'width': 1369}]",ChIJKXjznYqYpBIRUelxtCTd0po,"{'compound_code': '94JG+HQ Barcelona, Spain', 'global_code': '8FH494JG+HQ'}",4.2,ChIJKXjznYqYpBIRUelxtCTd0po,GOOGLE,"['lodging', 'point_of_interest', 'establishment']",1493,"Travessera de les Corts, 150, 152, Barcelona",https://www.google.com/maps/place/?q=place_id:ChIJKXjznYqYpBIRUelxtCTd0po
21,OPERATIONAL,"{'location': {'lat': 41.3895205, 'lng': 2.1747174}, 'viewport': {'northeast': {'lat': 41.39094512989272, 'lng': 2.176017479892722}, 'southwest': {'lat': 41.38824547010727, 'lng': 2.173317820107278}}}",https://maps.gstatic.com/mapfiles/place_api/icons/v1/png_71/lodging-71.png,#909CE1,https://maps.gstatic.com/mapfiles/place_api/icons/v2/hotel_pinlet,Hotel Vincci Gala,{'open_now': True},"[{'height': 3024, 'html_attributions': ['<a href=""https://maps.google.com/maps/contrib/103610093519402226529"">A Google User</a>'], 'photo_reference': 'ATJ83zjaprR-De9ifKEtsBrkFE5LdX7HNx5yQa_S4qhT-B9Kq_FzFBocU7BYbI5kD9rAzja6fJmyVXSi5rlFhmKpgNQK7Ln-Ztd8PvsXr2nuGnIQ3uEKK9GPigpNFNqVdA7QCQlMwBIF4UWaUNo_yNO_LUJ16rOOsvoeNHrC184yKawUovmQ', 'width': 4032}]",ChIJaULDofqipBIRMMjzu-QDJKg,"{'compound_code': '95QF+RV Barcelona, Spain', 'global_code': '8FH495QF+RV'}",4.4,ChIJaULDofqipBIRMMjzu-QDJKg,GOOGLE,"['lodging', 'point_of_interest', 'establishment']",884,"Rda. de Sant Pere, 32, Barcelona",https://www.google.com/maps/place/?q=place_id:ChIJaULDofqipBIRMMjzu-QDJKg
22,OPERATIONAL,"{'location': {'lat': 41.3731942, 'lng': 2.14737}, 'viewport': {'northeast': {'lat': 41.37470057989272, 'lng': 2.148635979892722}, 'southwest': {'lat': 41.37200092010728, 'lng': 2.145936320107277}}}",https://maps.gstatic.com/mapfiles/place_api/icons/v1/png_71/lodging-71.png,#909CE1,https://maps.gstatic.com/mapfiles/place_api/icons/v2/hotel_pinlet,Barcelona Gran Via Plaza Espana,,"[{'height': 2268, 'html_attributions': ['<a href=""https://maps.google.com/maps/contrib/101781878128255455568"">Sotet Alexandru</a>'], 'photo_reference': 'ATJ83zgqUeDs4er_NNfyaGr95XSD-hCqlwb76OQ1WGMq75Y0cskueN9GzzQ6tLOpwJOegdrGvgYP3JeRRtK4K67GIBncUDo2g4lEY_Qqknopw2grnIUytJDpzIlf8cWukAvBiAylOy3ZsOwQCPL8Fkoe6MGPjKLi3lEbOiJRrKVe7RdvJTfT', 'width': 4032}]",ChIJl3CEU3iipBIR2krT4lHARBc,"{'compound_code': '94FW+7W Barcelona, Spain', 'global_code': '8FH494FW+7W'}",4.3,ChIJl3CEU3iipBIR2krT4lHARBc,GOOGLE,"['lodging', 'point_of_interest', 'establishment']",2382,"Gran Via de les Corts Catalanes, 322, Barcelona",https://www.google.com/maps/place/?q=place_id:ChIJl3CEU3iipBIR2krT4lHARBc
23,OPERATIONAL,"{'location': {'lat': 41.3960002, 'lng': 2.2008581}, 'viewport': {'northeast': {'lat': 41.39736222989272, 'lng': 2.202260979892723}, 'southwest': {'lat': 41.39466257010728, 'lng': 2.199561320107278}}}",https://maps.gstatic.com/mapfiles/place_api/icons/v1/png_71/lodging-71.png,#909CE1,https://maps.gstatic.com/mapfiles/place_api/icons/v2/hotel_pinlet,Hotel Best 4 Barcelona,{'open_now': True},"[{'height': 2880, 'html_attributions': ['<a href=""https://maps.google.com/maps/contrib/116366347162785619852"">A Google User</a>'], 'photo_reference': 'ATJ83zjo0IilFuEwErzXo1HfF1CYNnJ3PMC1rqE7DzbN7KcT_QQFjjR5GbG7vObcYoDqnlDKz5yJwTpo_NHxuOKm06mHmFaOa1YdMWqlkagnpXGqT0p664GO5hd7WCa_2uNbxd6YnZIMYtiM301rNkt8aOg38bzX86p7JdW7oQE5dQNYxqsG', 'width': 4320}]",ChIJs909ahSjpBIRtBeJCzjkBbU,"{'compound_code': '96W2+C8 Barcelona, Spain', 'global_code': '8FH496W2+C8'}",3.9,ChIJs909ahSjpBIRtBeJCzjkBbU,GOOGLE,"['parking', 'bar', 'lodging', 'restaurant', 'food', 'point_of_interest', 'establishment']",1326,"C/ del Dr. Trueta, 164, Barcelona",https://www.google.com/maps/place/?q=place_id:ChIJs909ahSjpBIRtBeJCzjkBbU
24,OPERATIONAL,"{'location': {'lat': 41.3878568, 'lng': 2.1693885}, 'viewport': {'northeast': {'lat': 41.38909647989272, 'lng': 2.170606229892722}, 'southwest': {'lat': 41.38639682010728, 'lng': 2.167906570107277}}}",https://maps.gstatic.com/mapfiles/place_api/icons/v1/png_71/lodging-71.png,#909CE1,https://maps.gstatic.com/mapfiles/place_api/icons/v2/hotel_pinlet,Iberostar Selection Paseo de Gràcia,,"[{'height': 2582, 'html_attributions': ['<a href=""https://maps.google.com/maps/contrib/110518845557059086574"">A Google User</a>'], 'photo_reference': 'ATJ83zjtgsHDyazEsy2EPRgIaxpTLkA1UWoGsZBorRTbJsfb3xQ0UQSIY2S_mhECwOKdJrHkccvoEC3gYWBP6SL2WUjjgOH3qgPz2o5NJPn-x1nmQ0VMOI2ArW5DbJb9bnpwPcqwbnWJ2BcScUOka5wFgbGjy5lifQa6uQZ-P1HpSoXT_Tmo', 'width': 3873}]",ChIJEygLf_GipBIRSkibLSu6Jmc,"{'compound_code': '95Q9+4Q Barcelona, Spain', 'global_code': '8FH495Q9+4Q'}",4.7,ChIJEygLf_GipBIRSkibLSu6Jmc,GOOGLE,"['lodging', 'point_of_interest', 'establishment']",1730,"Pl. de Catalunya, 10, Barcelona",https://www.google.com/maps/place/?q=place_id:ChIJEygLf_GipBIRSkibLSu6Jmc
25,OPERATIONAL,"{'location': {'lat': 41.3935576, 'lng': 2.1686381}, 'viewport': {'northeast': {'lat': 41.39481367989272, 'lng': 2.170119579892722}, 'southwest': {'lat': 41.39211402010728, 'lng': 2.167419920107278}}}",https://maps.gstatic.com/mapfiles/place_api/icons/v1/png_71/lodging-71.png,#909CE1,https://maps.gstatic.com/mapfiles/place_api/icons/v2/hotel_pinlet,Hotel Catalonia Eixample 1864,{'open_now': True},"[{'height': 2800, 'html_attributions': ['<a href=""https://maps.google.com/maps/contrib/108466611847129782515"">Hotel Catalonia Berna</a>'], 'photo_reference': 'ATJ83zj9-kiCxGEwph8XyrS9HsILIXoPPqv0v8JqV-zDkEIkH-hxvTJKUzr3TF6u4MkTcgywiCkSK_PGixmUSYbgZQeeFBjFDGxOVHN3RxOr8frwOI5uoUNZSoqR-P9TL32GG59ouGuhYQ3E2yxlgtS6IPVUTFJV3FyrokzEV9PR3cakczf5', 'width': 4196}]",ChIJVX8gNeyipBIR_6sVUDu-fX8,"{'compound_code': '95V9+CF Barcelona, Spain', 'global_code': '8FH495V9+CF'}",4.2,ChIJVX8gNeyipBIR_6sVUDu-fX8,GOOGLE,"['lodging', 'point_of_interest', 'establishment']",1375,"C/ de Roger de Llúria, 60, Barcelona",https://www.google.com/maps/place/?q=place_id:ChIJVX8gNeyipBIR_6sVUDu-fX8
26,OPERATIONAL,"{'location': {'lat': 41.3859304, 'lng': 2.1810921}, 'viewport': {'northeast': {'lat': 41.38731222989272, 'lng': 2.182499479892722}, 'southwest': {'lat': 41.38461257010728, 'lng': 2.179799820107278}}}",https://maps.gstatic.com/mapfiles/place_api/icons/v1/png_71/lodging-71.png,#909CE1,https://maps.gstatic.com/mapfiles/place_api/icons/v2/hotel_pinlet,Hotel Ciutat de Barcelona,,"[{'height': 711, 'html_attributions': ['<a href=""https://maps.google.com/maps/contrib/106617591798218742366"">Hotel Ciutat de Barcelona</a>'], 'photo_reference': 'ATJ83ziHzLNNGM8nQCicTWcNSOgVLJYvHSRL5A-U8tP6YmLXP-6KG0ouyq-kDmVuSHY7mTZbEhRo79yTnTqjHMHdwb3q9PpofIERAFZ29ZOXIvn8q6qMUL9834CyuO-_70o38RZAK7K8EUKSIwiaFCjCb6sAFPAAkj8aHO_C4eiEySxBE0Fl', 'width': 461}]",ChIJ63yLJfyipBIR9NZjGROOoI4,"{'compound_code': '95PJ+9C Barcelona, Spain', 'global_code': '8FH495PJ+9C'}",4.3,ChIJ63yLJfyipBIR9NZjGROOoI4,GOOGLE,"['bar', 'lodging', 'restaurant', 'food', 'point_of_interest', 'establishment']",1198,"Carrer de la Princesa, 33-35, Barcelona",https://www.google.com/maps/place/?q=place_id:ChIJ63yLJfyipBIR9NZjGROOoI4
27,OPERATIONAL,"{'location': {'lat': 41.3831576, 'lng': 2.1604099}, 'viewport': {'northeast': {'lat': 41.38453982989272, 'lng': 2.161716979892723}, 'southwest': {'lat': 41.38184017010728, 'lng': 2.159017320107278}}}",https://maps.gstatic.com/mapfiles/place_api/icons/v1/png_71/lodging-71.png,#909CE1,https://maps.gstatic.com/mapfiles/place_api/icons/v2/hotel_pinlet,Hotel Catalonia Gran Via BCN,{'open_now': True},"[{'height': 1367, 'html_attributions': ['<a href=""https://maps.google.com/maps/contrib/108497515276192246770"">Hotel Vueling BCN by HC</a>'], 'photo_reference': 'ATJ83zhohnTVdfdUhN6t_s1NORIFMDHTv9-BVhUCgcaSNxqADu2-PpOLqqKxQRxXjxKRooWShEsxCk9i5LjJsia2JAOINPwfWr92ZJtxPWjXfOhHTKTw9mRHIuRUgWaq5tipt8iJMV3snXuDC4LpMFq6ehvIjnPSHxEAyu4_V8kmnUXyuxWX', 'width': 2048}]",ChIJgdf4MYqipBIR3fwgOw62vtc,"{'compound_code': '95M6+75 Barcelona, Spain', 'global_code': '8FH495M6+75'}",4.4,ChIJgdf4MYqipBIR3fwgOw62vtc,GOOGLE,"['lodging', 'point_of_interest', 'establishment']",571,"Gran Via de les Corts Catalanes, 550, Barcelona",https://www.google.com/maps/place/?q=place_id:ChIJgdf4MYqipBIR3fwgOw62vtc
28,OPERATIONAL,"{'location': {'lat': 41.3882306, 'lng': 2.1646139}, 'viewport': {'northeast': {'lat': 41.38966232989272, 'lng': 2.165854229892722}, 'southwest': {'lat': 41.38696267010727, 'lng': 2.163154570107277}}}",https://maps.gstatic.com/mapfiles/place_api/icons/v1/png_71/lodging-71.png,#909CE1,https://maps.gstatic.com/mapfiles/place_api/icons/v2/hotel_pinlet,Hotel Sansi Barcelona,{'open_now': True},"[{'height': 3024, 'html_attributions': ['<a href=""https://maps.google.com/maps/contrib/114118451392288609524"">Paco Valera</a>'], 'photo_reference': 'ATJ83zjkjcsknGbGjgR6Xvy68gV5DRFq-3u3mA1SI8V3n3hzG5AxBncEpbCZFzJF40F6SCwfNuXMp7KZyUPNaIjdFnQ7-zTfvsmPcWZ4GLB6ktvqz-Bv_LbSTDL0qLhe1b7sc7DpXVvirzqt2VNztltTFuABkDPY8YpWBgVwc6-uOnKecvpq', 'width': 4032}]",ChIJc49w1oyipBIRK1inr3o9liA,"{'compound_code': '95Q7+7R Barcelona, Spain', 'global_code': '8FH495Q7+7R'}",3.3,ChIJc49w1oyipBIRK1inr3o9liA,GOOGLE,"['lodging', 'point_of_interest', 'establishment']",1077,"C/ de la Diputació, 234, Barcelona",https://www.google.com/maps/place/?q=place_id:ChIJc49w1oyipBIRK1inr3o9liA
29,OPERATIONAL,"{'location': {'lat': 41.3911244, 'lng': 2.1842822}, 'viewport': {'northeast': {'lat': 41.39252882989273, 'lng': 2.185669779892722}, 'southwest': {'lat': 41.38982917010728, 'lng': 2.182970120107277}}}",https://maps.gstatic.com/mapfiles/place_api/icons/v1/png_71/lodging-71.png,#909CE1,https://maps.gstatic.com/mapfiles/place_api/icons/v2/hotel_pinlet,Arc House Barcelona,{'open_now': False},"[{'height': 683, 'html_attributions': ['<a href=""https://maps.google.com/maps/contrib/100212854269280322569"">Arc House Barcelona</a>'], 'photo_reference': 'ATJ83zhKuv_aCbfcbkBL1iftNU1Hu8-ZruBXz5Bze8F7pdpQhFjK6I07UIF1-02cRE-M93oWGhsXkJmQg8kosSOseKBwdEyoNCmAHeOHp6dZDECr450-zXNZpmJH5O9XvbqjK3gtwnlbYUsEhxRcFpQ36MDnJ4Prh1GBKJ_KYSVwvqqtmg0G', 'width': 1024}]",ChIJySwdqOKipBIRnTquHHnFUOs,"{'compound_code': '95RM+CP Barcelona, Spain', 'global_code': '8FH495RM+CP'}",3.4,ChIJySwdqOKipBIRnTquHHnFUOs,GOOGLE,"['lodging', 'point_of_interest', 'establishment']",545,"Carrer de Buenaventura Muñoz, 16, Barcelona",https://www.google.com/maps/place/?q=place_id:ChIJySwdqOKipBIRnTquHHnFUOs
30,OPERATIONAL,"{'location': {'lat': 41.4041656, 'lng': 2.1698214}, 'viewport': {'northeast': {'lat': 41.40556322989272, 'lng': 2.171155379892722}, 'southwest': {'lat': 41.40286357010728, 'lng': 2.168455720107278}}}",https://maps.gstatic.com/mapfiles/place_api/icons/v1/png_71/lodging-71.png,#909CE1,https://maps.gstatic.com/mapfiles/place_api/icons/v2/hotel_pinlet,"Radisson Blu 1882 Hotel, Barcelona Sagrada Familia",,"[{'height': 682, 'html_attributions': ['<a href=""https://maps.google.com/maps/contrib/110767401094483983228"">A Google User</a>'], 'photo_reference': 'ATJ83zgSjsuPY4L_hMDrXIZcsAy554m450VD2P6bbGdb60bvHJp788uYPqoLQklBcwRhHOJnGZpImZXRwGDnPJ9gqYtnedS9est4D1nc9JfzCBdIU6zicafo8IprMkVad5LgPfNYyZb_ZWNggpdNoJmfXUCHfchyfKOgxtK0Jbfr043LUbkG', 'width': 1023}]",ChIJz122r4GjpBIROGNR44Q_wJw,"{'compound_code': 'C539+JV Barcelona, Spain', 'global_code': '8FH4C539+JV'}",4.6,ChIJz122r4GjpBIROGNR44Q_wJw,GOOGLE,"['lodging', 'point_of_interest', 'establishment']",1165,"C/ de Còrsega, 482, Barcelona",https://www.google.com/maps/place/?q=place_id:ChIJz122r4GjpBIROGNR44Q_wJw
31,OPERATIONAL,"{'location': {'lat': 41.3972463, 'lng': 2.1591908}, 'viewport': {'northeast': {'lat': 41.39853802989272, 'lng': 2.160458829892721}, 'southwest': {'lat': 41.39583837010728, 'lng': 2.157759170107277}}}",https://maps.gstatic.com/mapfiles/place_api/icons/v1/png_71/lodging-71.png,#909CE1,https://maps.gstatic.com/mapfiles/place_api/icons/v2/hotel_pinlet,Casa Gràcia,{'open_now': True},"[{'height': 1080, 'html_attributions': ['<a href=""https://maps.google.com/maps/contrib/113933966083752203753"">Casa Gracia Barcelona Hostel</a>'], 'photo_reference': 'ATJ83zjpRPV-9gS4TxpK-7S1ZaPqF09nIAg6O56aJf7WRgP7GxAJX76axO3Wow1fY22LpXzGu6h1Qrmqq4J1USMTbgoMlCc5xusppWhzJmxon8XdF9CtcVT-H_ZlILNN2WSRClYph3ZpX8Fb1xy8d9rTb-vsjfjrmlJ6OiS9kmQ2Jn4B-oUK', 'width': 1920}]",ChIJ24TFopaipBIRUp9Pyy64ZS4,"{'compound_code': '95W5+VM Barcelona, Spain', 'global_code': '8FH495W5+VM'}",4.1,ChIJ24TFopaipBIRUp9Pyy64ZS4,GOOGLE,"['bar', 'lodging', 'point_of_interest', 'establishment']",2725,"Pg. de Gràcia, 116Bis, Barcelona",https://www.google.com/maps/place/?q=place_id:ChIJ24TFopaipBIRUp9Pyy64ZS4
32,OPERATIONAL,"{'location': {'lat': 41.4142325, 'lng': 2.1448418}, 'viewport': {'northeast': {'lat': 41.41551017989273, 'lng': 2.146149679892722}, 'southwest': {'lat': 41.41281052010729, 'lng': 2.143450020107278}}}",https://maps.gstatic.com/mapfiles/place_api/icons/v1/png_71/lodging-71.png,#909CE1,https://maps.gstatic.com/mapfiles/place_api/icons/v2/hotel_pinlet,Hotel Catalonia Park Güell,{'open_now': True},"[{'height': 2757, 'html_attributions': ['<a href=""https://maps.google.com/maps/contrib/115300485495066688830"">Hotel Catalonia Park Güell</a>'], 'photo_reference': 'ATJ83zhv5TKAuN2cVEyTpyfEe1jris6MQVD6lbaMub5LGwvIWZiiwfQRLdfIN5tCJh2dHvmgUBT7xCgson_E0lD4WkqkpqWrcn994LUZ7pZxyXLzJc-uZ9JdGKBIp9dENWzc-IvJZIz2eQ3_iS74gGbHEqFFQHkadSp46U96Xa1yNLcRB3Ba', 'width': 4134}]",ChIJWXoMfAeYpBIRXQp243_31IY,"{'compound_code': 'C47V+MW Barcelona, Spain', 'global_code': '8FH4C47V+MW'}",3.8,ChIJWXoMfAeYpBIRXQp243_31IY,GOOGLE,"['lodging', 'restaurant', 'food', 'point_of_interest', 'establishment']",2075,"Passeig de la Mare de Déu del Coll, 10, Barcelona",https://www.google.com/maps/place/?q=place_id:ChIJWXoMfAeYpBIRXQp243_31IY
33,OPERATIONAL,"{'location': {'lat': 41.3896603, 'lng': 2.1489779}, 'viewport': {'northeast': {'lat': 41.39092957989272, 'lng': 2.150210379892722}, 'southwest': {'lat': 41.38822992010728, 'lng': 2.147510720107277}}}",https://maps.gstatic.com/mapfiles/place_api/icons/v1/png_71/lodging-71.png,#909CE1,https://maps.gstatic.com/mapfiles/place_api/icons/v2/hotel_pinlet,U232 Hotel,{'open_now': True},"[{'height': 3320, 'html_attributions': ['<a href=""https://maps.google.com/maps/contrib/117586801742925488055"">U232 Hotel</a>'], 'photo_reference': 'ATJ83zjMN_9jAAGPh6tfDj1Fze-xs5ukoy2Qkk9lvCkycjN19YVgLy6oCxErAmJ_g2w8ajeCTj6M-wZLhJWgiG0o_ZMZiN2rhoTJr1hKsp88osztS9fhqdkL4UL550kPBkZsSz4H9VSEdrjMFjAUkDVN0DvYf9FVKsTaxJH29o4EdgaOzi1K', 'width': 4688}]",ChIJIcv-a4OipBIRBQiA4kIDe3Q,"{'compound_code': '94QX+VH Barcelona, Spain', 'global_code': '8FH494QX+VH'}",4.4,ChIJIcv-a4OipBIRBQiA4kIDe3Q,GOOGLE,"['lodging', 'point_of_interest', 'establishment']",1182,"Carrer del Comte d'Urgell, 232, Barcelona",https://www.google.com/maps/place/?q=place_id:ChIJIcv-a4OipBIRBQiA4kIDe3Q
34,OPERATIONAL,"{'location': {'lat': 41.398681, 'lng': 2.1623766}, 'viewport': {'northeast': {'lat': 41.40007012989273, 'lng': 2.163690129892723}, 'southwest': {'lat': 41.39737047010728, 'lng': 2.160990470107278}}}",https://maps.gstatic.com/mapfiles/place_api/icons/v1/png_71/lodging-71.png,#909CE1,https://maps.gstatic.com/mapfiles/place_api/icons/v2/hotel_pinlet,Hotel Catalonia Gracia,{'open_now': True},"[{'height': 2363, 'html_attributions': ['<a href=""https://maps.google.com/maps/contrib/117496711099161605804"">Hotel Catalonia La Pedrera</a>'], 'photo_reference': 'ATJ83zgtjc-YRoPtFvX14wceXquYhKMCOk1zKeD1SUQC1bUnl4rO3WhK35c60m2X-U4DTHlhNzzf6y1H4nlmoabyNe87lltme1Ej2lPMtRcMdVh59bMzKxPwOYvgzcCS3__XBVLB6EQo9wsp8njGC06KIzUMTb9VvyhYN2B2sI1CrL4QEVSk', 'width': 3543}]",ChIJZWEcAZWipBIR5A2YzD57D4Y,"{'compound_code': '95X6+FW Barcelona, Spain', 'global_code': '8FH495X6+FW'}",4.2,ChIJZWEcAZWipBIR5A2YzD57D4Y,GOOGLE,"['lodging', 'point_of_interest', 'establishment']",662,"C/ de Còrsega, 368, Barcelona",https://www.google.com/maps/place/?q=place_id:ChIJZWEcAZWipBIR5A2YzD57D4Y
35,OPERATIONAL,"{'location': {'lat': 41.408806, 'lng': 2.1479259}, 'viewport': {'northeast': {'lat': 41.41012487989273, 'lng': 2.149274229892722}, 'southwest': {'lat': 41.40742522010728, 'lng': 2.146574570107278}}}",https://maps.gstatic.com/mapfiles/place_api/icons/v1/png_71/lodging-71.png,#909CE1,https://maps.gstatic.com/mapfiles/place_api/icons/v2/hotel_pinlet,Hotel Ronda Lesseps,{'open_now': True},"[{'height': 1080, 'html_attributions': ['<a href=""https://maps.google.com/maps/contrib/108669122248056497110"">Hotel Ronda * * *</a>'], 'photo_reference': 'ATJ83zjpcWMgeXisDyKjZJ57fe9L09kAKn17_i9TYbthvAtOTHzhtO98p1kuxMiPc_PqRvvGehG0caApjrl4DqHFQTUknMEm0gGnp6mqr4eyNgz0mCGd8xCj9TzcSwYiK5jqvgtzD58XTH1JtFPSpmWZNmKiOxh_tkweD3VYZcF-tvS71hX5', 'width': 1619}]",ChIJw5fapYqipBIROLWMyAvO9EY,"{'compound_code': 'C45X+G5 Barcelona, Spain', 'global_code': '8FH4C45X+G5'}",4.0,ChIJw5fapYqipBIROLWMyAvO9EY,GOOGLE,"['parking', 'bar', 'lodging', 'point_of_interest', 'establishment']",1140,"Carrer de Ballester, 77, Barcelona",https://www.google.com/maps/place/?q=place_id:ChIJw5fapYqipBIROLWMyAvO9EY
36,OPERATIONAL,"{'location': {'lat': 41.4033165, 'lng': 2.1270344}, 'viewport': {'northeast': {'lat': 41.40457952989271, 'lng': 2.128478129892722}, 'southwest': {'lat': 41.40187987010727, 'lng': 2.125778470107278}}}",https://maps.gstatic.com/mapfiles/place_api/icons/v1/png_71/lodging-71.png,#909CE1,https://maps.gstatic.com/mapfiles/place_api/icons/v2/hotel_pinlet,Hotel Catalonia Mikado,{'open_now': True},"[{'height': 2362, 'html_attributions': ['<a href=""https://maps.google.com/maps/contrib/110063568323567575613"">Hotel Catalonia Mikado</a>'], 'photo_reference': 'ATJ83zg9nwhgD4Pz21eNIKLyI87YHL65OhX85KYrP7odxnWtyP-TtZDoBzR9u_zAIrK6AGiF5bpZ177zp6ktAbhyAylpGH6Uer9UkjQ6L_zM6nBJB-sLqtf-q2tNR10LrRuEa11rG2UGXqV4nJk3Cdf0Xn2IXSh_sZhr47McvWjIZCEK9nt3', 'width': 3543}]",ChIJU1DXEBWYpBIRnh7MhPf7xxM,"{'compound_code': 'C43G+8R Barcelona, Spain', 'global_code': '8FH4C43G+8R'}",4.1,ChIJU1DXEBWYpBIRnh7MhPf7xxM,GOOGLE,"['lodging', 'point_of_interest', 'establishment']",954,"Pg. de la Bonanova, 58, Barcelona",https://www.google.com/maps/place/?q=place_id:ChIJU1DXEBWYpBIRnh7MhPf7xxM
37,OPERATIONAL,"{'location': {'lat': 41.4144932, 'lng': 2.1896897}, 'viewport': {'northeast': {'lat': 41.41577267989272, 'lng': 2.191129029892722}, 'southwest': {'lat': 41.41307302010728, 'lng': 2.188429370107277}}}",https://maps.gstatic.com/mapfiles/place_api/icons/v1/png_71/lodging-71.png,#909CE1,https://maps.gstatic.com/mapfiles/place_api/icons/v2/hotel_pinlet,Hotel Arcelon,,"[{'height': 4032, 'html_attributions': ['<a href=""https://maps.google.com/maps/contrib/104345733809514608103"">Elisa Selingue</a>'], 'photo_reference': 'ATJ83zgCg3qZLYvSc8kGUzjEmvxf7GEK09jPJCU4XacJi0lowYMpmKA4eOqU9z5jHSj92_PkVtww706tqqsO9ysii2qynzCLif9rCxTagMIc7hLB-lIHUtVCC0X2uKXobKt_hd23Bk0cNgRzqt_uGRrj7dQssIH3bhMmzJXi_U0RRuJBeRVn', 'width': 3024}]",ChIJY8r6CnKjpBIRgTqroixykjs,"{'compound_code': 'C57Q+RV Barcelona, Spain', 'global_code': '8FH4C57Q+RV'}",4.4,ChIJY8r6CnKjpBIRgTqroixykjs,GOOGLE,"['lodging', 'point_of_interest', 'establishment']",74,"C/ de Mallorca, 661, Barcelona",https://www.google.com/maps/place/?q=place_id:ChIJY8r6CnKjpBIRgTqroixykjs
38,OPERATIONAL,"{'location': {'lat': 41.4032776, 'lng': 2.1372365}, 'viewport': {'northeast': {'lat': 41.40468112989272, 'lng': 2.138615529892723}, 'southwest': {'lat': 41.40198147010727, 'lng': 2.135915870107278}}}",https://maps.gstatic.com/mapfiles/place_api/icons/v1/png_71/lodging-71.png,#909CE1,https://maps.gstatic.com/mapfiles/place_api/icons/v2/hotel_pinlet,Hotel Catalonia Barcelona 505,{'open_now': True},"[{'height': 2756, 'html_attributions': ['<a href=""https://maps.google.com/maps/contrib/105478376208684165852"">A Google User</a>'], 'photo_reference': 'ATJ83zifgCN6z4I7ru5FLKrbkf2U_ch26CJO5FWMdfsLEXoyLAPfAeyxE-AdAsyWQOvAsX1rmvVmesP8l6lY2BW0ykxYKAnLoRIatPX-F-VFFjXX1rIATCXg1LJ8z0sTqXJXAwdhkRZrl244lhaN3WjCkQw9DK2ggOQPHNnGaHqUvU67hDP7', 'width': 4134}]",ChIJW6HdBA2YpBIRVqJQF0vQ5AA,"{'compound_code': 'C43P+8V Barcelona, Spain', 'global_code': '8FH4C43P+8V'}",4.0,ChIJW6HdBA2YpBIRVqJQF0vQ5AA,GOOGLE,"['parking', 'lodging', 'point_of_interest', 'establishment']",1319,"C/ de Muntaner, 505, Barcelona",https://www.google.com/maps/place/?q=place_id:ChIJW6HdBA2YpBIRVqJQF0vQ5AA
39,OPERATIONAL,"{'location': {'lat': 41.3783107, 'lng': 2.1373957}, 'viewport': {'northeast': {'lat': 41.37963457989272, 'lng': 2.138785079892723}, 'southwest': {'lat': 41.37693492010727, 'lng': 2.136085420107278}}}",https://maps.gstatic.com/mapfiles/place_api/icons/v1/png_71/lodging-71.png,#909CE1,https://maps.gstatic.com/mapfiles/place_api/icons/v2/hotel_pinlet,Ten To Go Hostel,,"[{'height': 4586, 'html_attributions': ['<a href=""https://maps.google.com/maps/contrib/116964852718472033594"">A Google User</a>'], 'photo_reference': 'ATJ83zimXeLyyCv2XLfeo1gsJlo4nTifPbl7b9NS-2z0D6rl8nxRwrkeXjxhXmKgHG7jbdSI9gSApJkVRuvj9HSBA1WBbSSig44qphX0aF9WkqJMiFSIUGB0vWbMS8LoGhj-sfozzTgngmUcMyl7e7_uKI8ga9Mvm-2GUvWJHyCgpZaXPirA', 'width': 2955}]",ChIJ2wBaV4aYpBIRrOEvccdCU9M,"{'compound_code': '94HP+8X Barcelona, Spain', 'global_code': '8FH494HP+8X'}",4.6,ChIJ2wBaV4aYpBIRrOEvccdCU9M,GOOGLE,"['lodging', 'point_of_interest', 'establishment']",409,"C/ de Valladolid, 43, Barcelona",https://www.google.com/maps/place/?q=place_id:ChIJ2wBaV4aYpBIRrOEvccdCU9M
40,OPERATIONAL,"{'location': {'lat': 41.4013534, 'lng': 2.1564998}, 'viewport': {'northeast': {'lat': 41.40269432989272, 'lng': 2.157907529892722}, 'southwest': {'lat': 41.39999467010728, 'lng': 2.155207870107277}}}",https://maps.gstatic.com/mapfiles/place_api/icons/v1/png_71/lodging-71.png,#909CE1,https://maps.gstatic.com/mapfiles/place_api/icons/v2/hotel_pinlet,Sonder La Casa del Sol,,"[{'height': 1920, 'html_attributions': ['<a href=""https://maps.google.com/maps/contrib/102039676718178692666"">A Google User</a>'], 'photo_reference': 'ATJ83zg9_igPdiFRI-cgyBe2x_CrThWQ3x0nl0LnXVvPMABZBtaZuqKSSLWr52OFy3XtEBX0pbgDBRpaLEuS0_IhjtrzLHw_XGbaEUBJavYDCLNlsYmlBDg0fO-RMypuVr1zH4NB42yB85yB7ecx2Yo0jWCfZZONKXWs-16xznPtLb5GqFeC', 'width': 2880}]",ChIJ__-_Zr2ipBIRbr8gSnli03E,"{'compound_code': 'C524+GH Barcelona, Spain', 'global_code': '8FH4C524+GH'}",4.3,ChIJ__-_Zr2ipBIRbr8gSnli03E,GOOGLE,"['lodging', 'point_of_interest', 'establishment']",514,"Plaça del Sol, 23, Barcelona",https://www.google.com/maps/place/?q=place_id:ChIJ__-_Zr2ipBIRbr8gSnli03E
41,OPERATIONAL,"{'location': {'lat': 41.3841588, 'lng': 2.1617094}, 'viewport': {'northeast': {'lat': 41.38553637989273, 'lng': 2.163049529892723}, 'southwest': {'lat': 41.38283672010728, 'lng': 2.160349870107278}}}",https://maps.gstatic.com/mapfiles/place_api/icons/v1/png_71/lodging-71.png,#909CE1,https://maps.gstatic.com/mapfiles/place_api/icons/v2/hotel_pinlet,Sunotel Central,{'open_now': True},"[{'height': 4000, 'html_attributions': ['<a href=""https://maps.google.com/maps/contrib/100304379659497579462"">A Google User</a>'], 'photo_reference': 'ATJ83zijYcnFLjoEUKrVhoYpPOqZRTY1tdqGyB4ToyW5DNnjz7k91_o6aaXDsjGZrMM8m6do7oWkwaC32tcVNzmk9RQuPZtVQA44t8BHU4pHW79vREZZBkpOzoh0MtCyKHZpNNaML8MJrJZor0C8kRE8mlcf4sR7RDi0OZI6WwKt0zHykOof', 'width': 6000}]",ChIJwZMVpYuipBIR7VJjTztBpNc,"{'compound_code': '95M6+MM Barcelona, Spain', 'global_code': '8FH495M6+MM'}",3.9,ChIJwZMVpYuipBIR7VJjTztBpNc,GOOGLE,"['lodging', 'point_of_interest', 'establishment']",1245,"Gran Via de les Corts Catalanes, 570, Barcelona",https://www.google.com/maps/place/?q=place_id:ChIJwZMVpYuipBIR7VJjTztBpNc
42,OPERATIONAL,"{'location': {'lat': 41.3820032, 'lng': 2.1839687}, 'viewport': {'northeast': {'lat': 41.38343547989273, 'lng': 2.185394729892723}, 'southwest': {'lat': 41.38073582010728, 'lng': 2.182695070107278}}}",https://maps.gstatic.com/mapfiles/place_api/icons/v1/png_71/lodging-71.png,#909CE1,https://maps.gstatic.com/mapfiles/place_api/icons/v2/hotel_pinlet,Hotel del Mar,{'open_now': True},"[{'height': 3264, 'html_attributions': ['<a href=""https://maps.google.com/maps/contrib/113194535160007490144"">A Google User</a>'], 'photo_reference': 'ATJ83ziUN5Sz_BF2t0CYG3VsG6Pl9880_KJk_Gyac2jZHaQNP8ub14iqbgA0KXqh3gtnJ-Wz7tsoBZmht2j1PGJtT7O0ZX3IIkW4THFpRiEtztBwy6lMST7fjxjqX-b5XblETpZiOQiOdPd4cH2sFGwnm2aZbJrZlzVXlj4CyQ3Jdx9aahXe', 'width': 4896}]",ChIJS8xj2f-ipBIRZw3Wmn9Z22U,"{'compound_code': '95JM+RH Barcelona, Spain', 'global_code': '8FH495JM+RH'}",4.2,ChIJS8xj2f-ipBIRZw3Wmn9Z22U,GOOGLE,"['lodging', 'point_of_interest', 'establishment']",1043,"Pla de Palau, 19, Barcelona",https://www.google.com/maps/place/?q=place_id:ChIJS8xj2f-ipBIRZw3Wmn9Z22U
43,OPERATIONAL,"{'location': {'lat': 41.3984608, 'lng': 2.1426521}, 'viewport': {'northeast': {'lat': 41.39985822989271, 'lng': 2.143961679892722}, 'southwest': {'lat': 41.39715857010727, 'lng': 2.141262020107277}}}",https://maps.gstatic.com/mapfiles/place_api/icons/v1/png_71/lodging-71.png,#909CE1,https://maps.gstatic.com/mapfiles/place_api/icons/v2/hotel_pinlet,Aparthotel Senator Barcelona,{'open_now': True},"[{'height': 6016, 'html_attributions': ['<a href=""https://maps.google.com/maps/contrib/109859966729750709054"">A Google User</a>'], 'photo_reference': 'ATJ83zgiMZxUkPDCZaXvb_FTBvNOBVnb5XTkEY2rLkCZv_xSgE8VFHIweZvZdEjgAn14UyZWYmrUlCYlCfU_MD71T72KWeiFvfjGGREDl_NtFkfkEv_uzfBo6AMzy6DWygXqy9f9kQOxiiVJUM8tk4OuwwUWsQ1wIvyffRJMdi5Mjru3FC8E', 'width': 4016}]",ChIJM0SGrHWYpBIRnH7CNh5IRcQ,"{'compound_code': '94XV+93 Barcelona, Spain', 'global_code': '8FH494XV+93'}",3.6,ChIJM0SGrHWYpBIRnH7CNh5IRcQ,GOOGLE,"['lodging', 'point_of_interest', 'establishment']",295,"Via Augusta, 167, Barcelona",https://www.google.com/maps/place/?q=place_id:ChIJM0SGrHWYpBIRnH7CNh5IRcQ
44,OPERATIONAL,"{'location': {'lat': 41.3827444, 'lng': 2.157013}, 'viewport': {'northeast': {'lat': 41.38421527989272, 'lng': 2.158509229892722}, 'southwest': {'lat': 41.38151562010728, 'lng': 2.155809570107277}}}",https://maps.gstatic.com/mapfiles/place_api/icons/v1/png_71/lodging-71.png,#909CE1,https://maps.gstatic.com/mapfiles/place_api/icons/v2/hotel_pinlet,BCN URBANESS HOTELS DEL COMTE,,"[{'height': 1365, 'html_attributions': ['<a href=""https://maps.google.com/maps/contrib/100282916766284421334"">A Google User</a>'], 'photo_reference': 'ATJ83zhD-qiLEvGk8-K4mUf7KqhPyviErJWDt_KqAzPvg34oPTp3Eq-X6uOw2lvyAYRYsV9NQMU9GZI52wiLO-EN7R3ybrNQ4aXYK_2Re40zzDLCF8kEk0uDYisMHAIDJfwEyl0szKQ3vVtTs41rOx0pRGF2gc18eximWykQyJt-lr4l4eb2', 'width': 2048}]",ChIJhRkgTIiipBIRLrPa1dNgdNU,"{'compound_code': '95M4+3R Barcelona, Spain', 'global_code': '8FH495M4+3R'}",4.0,ChIJhRkgTIiipBIRLrPa1dNgdNU,GOOGLE,"['lodging', 'point_of_interest', 'establishment']",750,"C/ de la Diputació, 142, 148, Barcelona",https://www.google.com/maps/place/?q=place_id:ChIJhRkgTIiipBIRLrPa1dNgdNU
45,OPERATIONAL,"{'location': {'lat': 41.3796814, 'lng': 2.1752178}, 'viewport': {'northeast': {'lat': 41.38099677989273, 'lng': 2.176715429892722}, 'southwest': {'lat': 41.37829712010728, 'lng': 2.174015770107277}}}",https://maps.gstatic.com/mapfiles/place_api/icons/v1/png_71/lodging-71.png,#909CE1,https://maps.gstatic.com/mapfiles/place_api/icons/v2/hotel_pinlet,Party Hostel Kabul,,"[{'height': 2832, 'html_attributions': ['<a href=""https://maps.google.com/maps/contrib/112749782141704414400"">A Google User</a>'], 'photo_reference': 'ATJ83zhgwC3i_o_8AXZ-abmNBhXs7Jp1V5ALbZvY4rQ3Cz5s0VuFfDzEbjMjAtAt7nT9jjpncWq_Vp-Eu6Z-cq2F9nYx7XN4cIHfJuXZuUVkzKjrhmG5Lo8SUznzRbiTn38z7vypaWvsbLEXZkv5VIUtAb17DDKT8v7ulTBDGHDVeu_Giiy6', 'width': 4240}]",ChIJjeBz7leipBIRh70Y3pk6BSQ,"{'compound_code': '95HG+V3 Barcelona, Spain', 'global_code': '8FH495HG+V3'}",4.3,ChIJjeBz7leipBIRh70Y3pk6BSQ,GOOGLE,"['lodging', 'point_of_interest', 'establishment']",1407,"Pl. Reial, 17, Barcelona",https://www.google.com/maps/place/?q=place_id:ChIJjeBz7leipBIRh70Y3pk6BSQ
46,OPERATIONAL,"{'location': {'lat': 41.3863714, 'lng': 2.1684001}, 'viewport': {'northeast': {'lat': 41.38776742989272, 'lng': 2.169731479892723}, 'southwest': {'lat': 41.38506777010728, 'lng': 2.167031820107278}}}",https://maps.gstatic.com/mapfiles/place_api/icons/v1/png_71/lodging-71.png,#909CE1,https://maps.gstatic.com/mapfiles/place_api/icons/v2/hotel_pinlet,Hotel Catalonia(BCN),{'open_now': True},"[{'height': 2756, 'html_attributions': ['<a href=""https://maps.google.com/maps/contrib/106775799233749266001"">Hotel Catalonia Plaza Catalunya</a>'], 'photo_reference': 'ATJ83zhMsRAagEmbn7WE8aNJ2lUIYpKP1PYiKeRYZN5VzYqVK1AVPG-6lvLxcWghg5I9UZ3jBybdhOYJeiemfP7KBD6xJeF-ozkIUHsvgSgrxqV69zwIjwS_LtzL9UWHVZNmuJOmam-uSZwkEH5NhFXTKqKQVyYY4WDR-ZNJBnGKaC3ZPqZD', 'width': 4134}]",ChIJ11248fOipBIRVkPx73PvoiQ,"{'compound_code': '95P9+J8 Barcelona, Spain', 'global_code': '8FH495P9+J8'}",4.4,ChIJ11248fOipBIRVkPx73PvoiQ,GOOGLE,"['lodging', 'point_of_interest', 'establishment']",1757,"C/ de Bergara, 11, Barcelona",https://www.google.com/maps/place/?q=place_id:ChIJ11248fOipBIRVkPx73PvoiQ
47,OPERATIONAL,"{'location': {'lat': 41.3743404, 'lng': 2.1303834}, 'viewport': {'northeast': {'lat': 41.37570042989272, 'lng': 2.131722179892722}, 'southwest': {'lat': 41.37300077010728, 'lng': 2.129022520107278}}}",https://maps.gstatic.com/mapfiles/place_api/icons/v1/png_71/lodging-71.png,#909CE1,https://maps.gstatic.com/mapfiles/place_api/icons/v2/hotel_pinlet,Onefam Sants,{'open_now': True},"[{'height': 3016, 'html_attributions': ['<a href=""https://maps.google.com/maps/contrib/104707880695992347575"">Абдулла Гайбуллаев</a>'], 'photo_reference': 'ATJ83zgNDyDQWc5ThtZ27ymZWSsgaHpxUvC1At6kD6cHe4c3u65ujzoJAhFvjVuGkemT5chWLd1a4rAemBD8HVVcfoqvzjVUxcy8SynRyd6PrnscOX-xWdqY_6VYXkeYfQ2JNutNrdnSooq2D-6j21jPn2Y_3cklqEEcdHLEoKf9kLd7iWq0', 'width': 4032}]",ChIJO-sEgo6YpBIRaPTyx6BAt4w,"{'compound_code': '94FJ+P5 Barcelona, Spain', 'global_code': '8FH494FJ+P5'}",4.5,ChIJO-sEgo6YpBIRaPTyx6BAt4w,GOOGLE,"['lodging', 'point_of_interest', 'establishment']",540,"Carrer de Casteràs, 9, Barcelona",https://www.google.com/maps/place/?q=place_id:ChIJO-sEgo6YpBIRaPTyx6BAt4w
48,OPERATIONAL,"{'location': {'lat': 41.4010283, 'lng': 2.1828688}, 'viewport': {'northeast': {'lat': 41.40247322989273, 'lng': 2.184336579892722}, 'southwest': {'lat': 41.39977357010729, 'lng': 2.181636920107278}}}",https://maps.gstatic.com/mapfiles/place_api/icons/v1/png_71/lodging-71.png,#909CE1,https://maps.gstatic.com/mapfiles/place_api/icons/v2/hotel_pinlet,Hotel Glòries Barcelona,{'open_now': True},"[{'height': 2120, 'html_attributions': ['<a href=""https://maps.google.com/maps/contrib/106847856889950494993"">A Google User</a>'], 'photo_reference': 'ATJ83zhs8bBFDK3gZtG0OeHXDOpKNbNqs_Gsi3295pMWkuCRfcHx5skEKxJVBaEfrIteRXvXnlVBMnt_2hasXMhmXsoyztYPXjiIXp4kRKWLvF3cdhXaZZzc5tOdpLIufQkFrLQQiPKV7LDbweBGDwfSrDAMJKI8XcjAu3RW8Jh3vbR1dEWq', 'width': 3184}]",ChIJVx8l3d-ipBIRKdsYkB89Bpw,"{'compound_code': 'C52M+C4 Barcelona, Spain', 'global_code': '8FH4C52M+C4'}",3.9,ChIJVx8l3d-ipBIRKdsYkB89Bpw,GOOGLE,"['lodging', 'point_of_interest', 'establishment']",1032,"C/ de Padilla, 173, Barcelona",https://www.google.com/maps/place/?q=place_id:ChIJVx8l3d-ipBIRKdsYkB89Bpw
49,OPERATIONAL,"{'location': {'lat': 41.3897906, 'lng': 2.1801623}, 'viewport': {'northeast': {'lat': 41.39111357989272, 'lng': 2.181364829892723}, 'southwest': {'lat': 41.38841392010728, 'lng': 2.178665170107278}}}",https://maps.gstatic.com/mapfiles/place_api/icons/v1/png_71/lodging-71.png,#909CE1,https://maps.gstatic.com/mapfiles/place_api/icons/v2/hotel_pinlet,Hotel Catalonia Born,{'open_now': True},"[{'height': 998, 'html_attributions': ['<a href=""https://maps.google.com/maps/contrib/114744390427877149289"">Hotel Catalonia Born</a>'], 'photo_reference': 'ATJ83zhY_ByRvmTG0MBPlXWE_thEvniFiuhiFLVgtd39OmmLLPpC4Mx5WiJxWKv-vo8Kdpa8iroNy0-PXnnFR_CE1XWw6_ckbJn6DaUW5SSFx5XHbJSyumK-TeHB7YESO1JqjHhFovfK6VLzT_vV270w0QJj_dGyRA2tM9x9Nlgbq2Dl6xsp', 'width': 1500}]",ChIJLzOAo_yipBIRk7NekTMJnfs,"{'compound_code': '95QJ+W3 Barcelona, Spain', 'global_code': '8FH495QJ+W3'}",4.4,ChIJLzOAo_yipBIRk7NekTMJnfs,GOOGLE,"['lodging', 'point_of_interest', 'establishment']",761,"Carrer del Rec Comtal, 16-18, Barcelona",https://www.google.com/maps/place/?q=place_id:ChIJLzOAo_yipBIRk7NekTMJnfs
50,OPERATIONAL,"{'location': {'lat': 41.3935767, 'lng': 2.1504886}, 'viewport': {'northeast': {'lat': 41.39481612989272, 'lng': 2.152079829892723}, 'southwest': {'lat': 41.39211647010728, 'lng': 2.149380170107278}}}",https://maps.gstatic.com/mapfiles/place_api/icons/v1/png_71/lodging-71.png,#909CE1,https://maps.gstatic.com/mapfiles/place_api/icons/v2/hotel_pinlet,Hotel Guitart Grand Passage,{'open_now': True},"[{'height': 1365, 'html_attributions': ['<a href=""https://maps.google.com/maps/contrib/117785838992054508597"">A Google User</a>'], 'photo_reference': 'ATJ83zg5Adi1IXTtcpC-MToGi6zrubY8IR17XOW0CV05k9Or4-GZ8k8Oagnr2BlVpsxZaMmh2c1_fYGU-xZz1EEH6TEkT3dX2e9f7V1DKibcNU0cF1o_J48YSUupeWyjGWTb8fqTXR9wf9SRt4yyBiA15zcfXXU3KEIIYKa54ZJkKl0iuqWU', 'width': 2048}]",ChIJbcoteJuipBIRDXatJI_LlUs,"{'compound_code': '95V2+C5 Barcelona, Spain', 'global_code': '8FH495V2+C5'}",4.2,ChIJbcoteJuipBIRDXatJI_LlUs,GOOGLE,"['lodging', 'restaurant', 'point_of_interest', 'food', 'establishment']",579,"C/ de Muntaner, 212, Barcelona",https://www.google.com/maps/place/?q=place_id:ChIJbcoteJuipBIRDXatJI_LlUs
51,OPERATIONAL,"{'location': {'lat': 41.4070663, 'lng': 2.186527}, 'viewport': {'northeast': {'lat': 41.40846692989272, 'lng': 2.187974479892722}, 'southwest': {'lat': 41.40576727010728, 'lng': 2.185274820107277}}}",https://maps.gstatic.com/mapfiles/place_api/icons/v1/png_71/lodging-71.png,#909CE1,https://maps.gstatic.com/mapfiles/place_api/icons/v2/hotel_pinlet,Urbany Hostel Barcelona,,"[{'height': 5464, 'html_attributions': ['<a href=""https://maps.google.com/maps/contrib/104715551642389463469"">A Google User</a>'], 'photo_reference': 'ATJ83zgyTyiMZxMm_l2OqCkHi_qbaGc4cGnuZFO6x5ksdnhZWVoK4gf938VLcw3Oeg-3r2wAeu0gba5LOLtKrEPn4iCRrO4qJ2bROgNbaNET8U7FCEF_asmfZCiJnr5poSEL0CLiYm-rvF5RVYJIGz-daTliGo2PtGTSkatg-m5qNvlS4hv1', 'width': 8192}]",ChIJ2-6ZHiejpBIRKiBr0rElJhQ,"{'compound_code': 'C54P+RJ Barcelona, Spain', 'global_code': '8FH4C54P+RJ'}",3.6,ChIJ2-6ZHiejpBIRKiBr0rElJhQ,GOOGLE,"['lodging', 'point_of_interest', 'establishment']",1635,"Avinguda Meridiana, 97, Barcelona",https://www.google.com/maps/place/?q=place_id:ChIJ2-6ZHiejpBIRKiBr0rElJhQ
52,OPERATIONAL,"{'location': {'lat': 41.3845329, 'lng': 2.1612563}, 'viewport': {'northeast': {'lat': 41.38597777989273, 'lng': 2.162886679892722}, 'southwest': {'lat': 41.38327812010728, 'lng': 2.160187020107278}}}",https://maps.gstatic.com/mapfiles/place_api/icons/v1/png_71/lodging-71.png,#909CE1,https://maps.gstatic.com/mapfiles/place_api/icons/v2/hotel_pinlet,Urbany Hostel BCN GO!,,"[{'height': 5447, 'html_attributions': ['<a href=""https://maps.google.com/maps/contrib/104764718841065316417"">Urbany Hostels BCN GO</a>'], 'photo_reference': 'ATJ83zh-1CPs0AtWx8c5bUlJy4xBHyw7VsRNDVOieokng6kgdBxP8rG1PZ_w_7_6PCaATKA1z-rl4od-RsMWarJ0ng0vExfP2YMmSKi9oQSbO1VUup002TF4MPTSDVUJ_O7_UR6BkK9M2gD2JFloCT2PHu5CJ0INZ_p2cmC8XfgrESwskxvA', 'width': 8167}]",ChIJH1y7vouipBIR_z80sULfzts,"{'compound_code': '95M6+RG Barcelona, Spain', 'global_code': '8FH495M6+RG'}",3.6,ChIJH1y7vouipBIR_z80sULfzts,GOOGLE,"['lodging', 'point_of_interest', 'establishment']",1252,"Gran Via de les Corts Catalanes, 563, Barcelona",https://www.google.com/maps/place/?q=place_id:ChIJH1y7vouipBIR_z80sULfzts
53,OPERATIONAL,"{'location': {'lat': 41.3849706, 'lng': 2.1777654}, 'viewport': {'northeast': {'lat': 41.38627212989272, 'lng': 2.179007379892723}, 'southwest': {'lat': 41.38357247010727, 'lng': 2.176307720107278}}}",https://maps.gstatic.com/mapfiles/place_api/icons/v1/png_71/lodging-71.png,#909CE1,https://maps.gstatic.com/mapfiles/place_api/icons/v2/hotel_pinlet,Grand Hotel Central,{'open_now': True},"[{'height': 1260, 'html_attributions': ['<a href=""https://maps.google.com/maps/contrib/108276220246511566518"">A Google User</a>'], 'photo_reference': 'ATJ83zh5a4H4539CeksG8GNWt4n3ItUXWDWFnN0gaeK5YCPOOnJVfK2euBaGe52BBNEdDpHVoqnXviuuDMAURKK5LiAJdcEt7RDlaKWEySb1NUypsBYhO03etjwlQCq1IwGYrIBafms5RAmHzp6CODt3L5FeWnWVhB_O1A13uaGPA2Qo9iAk', 'width': 960}]",ChIJg1-2b_mipBIRirLgoXI-GXU,"{'compound_code': '95MH+X4 Barcelona, Spain', 'global_code': '8FH495MH+X4'}",4.5,ChIJg1-2b_mipBIRirLgoXI-GXU,GOOGLE,"['bar', 'spa', 'lodging', 'restaurant', 'point_of_interest', 'food', 'establishment']",1283,"Via Laietana, 30, Barcelona",https://www.google.com/maps/place/?q=place_id:ChIJg1-2b_mipBIRirLgoXI-GXU
54,OPERATIONAL,"{'location': {'lat': 41.39738819999999, 'lng': 2.1924216}, 'viewport': {'northeast': {'lat': 41.39875227989272, 'lng': 2.193860179892722}, 'southwest': {'lat': 41.39605262010728, 'lng': 2.191160520107278}}}",https://maps.gstatic.com/mapfiles/place_api/icons/v1/png_71/lodging-71.png,#909CE1,https://maps.gstatic.com/mapfiles/place_api/icons/v2/hotel_pinlet,Hotel & Spa Villa Olímpic@ Suites,{'open_now': True},"[{'height': 709, 'html_attributions': ['<a href=""https://maps.google.com/maps/contrib/106658444730274318465"">A Google User</a>'], 'photo_reference': 'ATJ83ziCi0B1UKVO-vvcmh4t7VEoyEyg7rD_RrC3AEkFjya8v3CrPgKkd4guJt8HkO_dfx_bVZQ16BJl6thJQJvYH336KrR2FR7ecYjIboILmFU7Z8ksauwWzs7m64zV9I4vmet_fXJDa7LySJfOQBk7pdRTNXiL_4nsBm2wIJjOn2CYWild', 'width': 1064}]",ChIJYRxUpRmjpBIRfxbKCIY7lq0,"{'compound_code': '95WR+WX Barcelona, Spain', 'global_code': '8FH495WR+WX'}",4.0,ChIJYRxUpRmjpBIRfxbKCIY7lq0,GOOGLE,"['lodging', 'point_of_interest', 'establishment']",1707,"C. de Pallars, 121, 125, Barcelona",https://www.google.com/maps/place/?q=place_id:ChIJYRxUpRmjpBIRfxbKCIY7lq0
55,OPERATIONAL,"{'location': {'lat': 41.3790947, 'lng': 2.1605452}, 'viewport': {'northeast': {'lat': 41.38042077989273, 'lng': 2.161864129892722}, 'southwest': {'lat': 41.37772112010728, 'lng': 2.159164470107277}}}",https://maps.gstatic.com/mapfiles/place_api/icons/v1/png_71/lodging-71.png,#909CE1,https://maps.gstatic.com/mapfiles/place_api/icons/v2/hotel_pinlet,Hotel Market Barcelona,{'open_now': True},"[{'height': 1694, 'html_attributions': ['<a href=""https://maps.google.com/maps/contrib/104443314840954508936"">Hotel Market</a>'], 'photo_reference': 'ATJ83zg778l-kHuQJwou-FVJ1Vfw-9JQvBxAI2bVPa6bhRnKKelOhadsEYXYKBE9MJsvMDGxwgx3e0EODFnqO-eFA_5WTi2EHhuEBFjrfivtJy_QZKbg1Am5dJu3naMxOKoYlutnhu9ACnDZXlA7Fxz1QGs6ykXrMHIQoqjt0YCJI5KvqEJm', 'width': 2541}]",ChIJG3aNkGGipBIR2Mdwj1bM6y4,"{'compound_code': '95H6+M6 Barcelona, Spain', 'global_code': '8FH495H6+M6'}",3.9,ChIJG3aNkGGipBIR2Mdwj1bM6y4,GOOGLE,"['lodging', 'restaurant', 'point_of_interest', 'food', 'establishment']",1256,"C/ del Comte Borrell, 68, Barcelona",https://www.google.com/maps/place/?q=place_id:ChIJG3aNkGGipBIR2Mdwj1bM6y4
56,OPERATIONAL,"{'location': {'lat': 41.3748178, 'lng': 2.1609804}, 'viewport': {'northeast': {'lat': 41.37606732989273, 'lng': 2.162385429892722}, 'southwest': {'lat': 41.37336767010729, 'lng': 2.159685770107278}}}",https://maps.gstatic.com/mapfiles/place_api/icons/v1/png_71/lodging-71.png,#909CE1,https://maps.gstatic.com/mapfiles/place_api/icons/v2/hotel_pinlet,Hotel Concordia Barcelona,,"[{'height': 4000, 'html_attributions': ['<a href=""https://maps.google.com/maps/contrib/115056028189022622399"">Cati Moreno</a>'], 'photo_reference': 'ATJ83zjlHl3lwfbwFPoLkA5lQO5RK9nQPkMY8qwBYTjALTx2LjpyHaHK58cnimhbvbrKHv76iBy4eh_ev1Zu-22mObePbnB5ohN8QdLJ1vKkkB58UWP4U7iKI4NTsZUTZqU3FmS0vZMUgNrDCxviuZ9PJztq4TiyWcbXobXCqSSkZyJebJML', 'width': 3000}]",ChIJqfEawWaipBIRSnqr2biXAGQ,"{'compound_code': '95F6+W9 Barcelona, Spain', 'global_code': '8FH495F6+W9'}",4.1,ChIJqfEawWaipBIRSnqr2biXAGQ,GOOGLE,"['lodging', 'point_of_interest', 'establishment']",1096,"Av. del Paral·lel, 115, Barcelona",https://www.google.com/maps/place/?q=place_id:ChIJqfEawWaipBIRSnqr2biXAGQ
57,OPERATIONAL,"{'location': {'lat': 41.3842435, 'lng': 2.1843448}, 'viewport': {'northeast': {'lat': 41.38561497989271, 'lng': 2.185770879892722}, 'southwest': {'lat': 41.38291532010727, 'lng': 2.183071220107277}}}",https://maps.gstatic.com/mapfiles/place_api/icons/v1/png_71/lodging-71.png,#909CE1,https://maps.gstatic.com/mapfiles/place_api/icons/v2/hotel_pinlet,park hotel,{'open_now': True},"[{'height': 1151, 'html_attributions': ['<a href=""https://maps.google.com/maps/contrib/115339629707928886517"">A Google User</a>'], 'photo_reference': 'ATJ83zikm-b0QVpj1ek0_nVHqCNck23_6p0b0I9LCgNAmvl25KW6QpUD6ix1bIxYTZ_6d7zGyBjiyMdQjAE2JKc-R3yMbl2aS80FqZudEtCbrFsJ1ewIbq3dKoN51EKrj845b4gp5Uueub3mYPFviMr91bQXiVchdFIw2VvQtTLczne5RTat', 'width': 1854}]",ChIJ1wjF3QGjpBIRiCh1YDNZ_Sg,"{'compound_code': '95MM+MP Barcelona, Spain', 'global_code': '8FH495MM+MP'}",4.0,ChIJ1wjF3QGjpBIRiCh1YDNZ_Sg,GOOGLE,"['lodging', 'point_of_interest', 'establishment']",624,"Av. del Marquès de l'Argentera, 11, Barcelona",https://www.google.com/maps/place/?q=place_id:ChIJ1wjF3QGjpBIRiCh1YDNZ_Sg
58,OPERATIONAL,"{'location': {'lat': 41.4076844, 'lng': 2.1596199}, 'viewport': {'northeast': {'lat': 41.40901232989272, 'lng': 2.160932829892722}, 'southwest': {'lat': 41.40631267010727, 'lng': 2.158233170107278}}}",https://maps.gstatic.com/mapfiles/place_api/icons/v1/png_71/lodging-71.png,#909CE1,https://maps.gstatic.com/mapfiles/place_api/icons/v2/hotel_pinlet,Le Palacete powered by Sonder,,"[{'height': 1920, 'html_attributions': ['<a href=""https://maps.google.com/maps/contrib/102038166141247716534"">A Google User</a>'], 'photo_reference': 'ATJ83zhyn9rBZz0qEGsXD8HkpAAJLeiJpdDqcnJQBVqWiwZ_nJVqQc43g6ylqCTlS-NANZXJGbM9uFyPStPOJZOe1JBo2yJ17oRv9OpSTONVZfe8MPSc_LDaLkSOEw1YIvFCZVQrV34xMvpuOOSHHiWvVDYnR4dFGREvxfnn8WndnyOQt_S6', 'width': 2880}]",ChIJRZkU2buipBIRo4T-3QrKqgw,"{'compound_code': 'C555+3V Barcelona, Spain', 'global_code': '8FH4C555+3V'}",4.4,ChIJRZkU2buipBIRo4T-3QrKqgw,GOOGLE,"['lodging', 'point_of_interest', 'establishment']",100,"C/ de la Legalitat, 10, Barcelona",https://www.google.com/maps/place/?q=place_id:ChIJRZkU2buipBIRo4T-3QrKqgw
59,OPERATIONAL,"{'location': {'lat': 41.375202, 'lng': 2.1556642}, 'viewport': {'northeast': {'lat': 41.37648452989272, 'lng': 2.157030779892722}, 'southwest': {'lat': 41.37378487010727, 'lng': 2.154331120107277}}}",https://maps.gstatic.com/mapfiles/place_api/icons/v1/png_71/lodging-71.png,#909CE1,https://maps.gstatic.com/mapfiles/place_api/icons/v2/hotel_pinlet,Hotel Lugano Barcelona,{'open_now': True},"[{'height': 4032, 'html_attributions': ['<a href=""https://maps.google.com/maps/contrib/102092371808713665235"">courtney harding</a>'], 'photo_reference': 'ATJ83zjh8OUxnYx0SYjZtGHRn2udJxy03AI44bqc8Gd6LUXny2uvss21xgsamujeeNxroelbyMpiNqnf5LJD_KV82Gd0hiIUMKR8bY7fEGqCsPpfLZ0HMvtlTpMPDXljEE3Gf3eyE4ZydEw155HN3kbBmiVC6Lku3D-v91I47ghBLnqs5nJV', 'width': 3024}]",ChIJqRWhsGSipBIRjmslDTQTfLU,"{'compound_code': '95G4+37 Barcelona, Spain', 'global_code': '8FH495G4+37'}",4.3,ChIJqRWhsGSipBIRjmslDTQTfLU,GOOGLE,"['lodging', 'point_of_interest', 'establishment']",921,"Av. del Paral·lel, 172, Barcelona",https://www.google.com/maps/place/?q=place_id:ChIJqRWhsGSipBIRjmslDTQTfLU
